{"cameraMode":{"drawMode":0,"name":"Shaded","section":"Shading Mode"},"sceneLighting":true,"audioPlay":false,"sceneViewState":{"showFog":true,"showMaterialUpdate":false,"showSkybox":true,"showFlares":true,"showImageEffects":true,"showParticleSystems":true},"in2DMode":false,"pivot":{"x":6.523316383361816,"y":-36.076778411865237,"z":-73.52523803710938},"rotation":{"x":0.003102387534454465,"y":-0.9743142127990723,"z":0.2248525321483612,"w":0.013438155874609948},"size":92.51895141601563,"orthographic":false}