{"cameraMode":{"drawMode":0,"name":"Shaded","section":"Shading Mode"},"sceneLighting":true,"audioPlay":false,"sceneViewState":{"showFog":true,"showMaterialUpdate":false,"showSkybox":true,"showFlares":true,"showImageEffects":true,"showParticleSystems":true},"in2DMode":false,"pivot":{"x":-72.75468444824219,"y":-34.83545684814453,"z":-40.98387908935547},"rotation":{"x":0.10206194221973419,"y":-0.8445033431053162,"z":0.1736546903848648,"w":0.496271014213562},"size":92.51895141601563,"orthographic":false}