{"cameraMode":{"drawMode":0,"name":"Shaded","section":"Shading Mode"},"sceneLighting":false,"audioPlay":false,"sceneViewState":{"showFog":true,"showMaterialUpdate":false,"showSkybox":false,"showFlares":true,"showImageEffects":true,"showParticleSystems":true},"in2DMode":false,"pivot":{"x":3.995063066482544,"y":1.288827896118164,"z":1.2718828916549683},"rotation":{"x":0.41498517990112307,"y":-0.07200980186462403,"z":0.03283099830150604,"w":0.9064874649047852},"size":22.0,"orthographic":false}