{"cameraMode":{"drawMode":0,"name":"Shaded","section":"Shading Mode"},"sceneLighting":true,"audioPlay":false,"sceneViewState":{"showFog":true,"showMaterialUpdate":false,"showSkybox":true,"showFlares":true,"showImageEffects":true,"showParticleSystems":true},"in2DMode":false,"pivot":{"x":-61.56298828125,"y":-101.99871063232422,"z":70.04230499267578},"rotation":{"x":0.3749051094055176,"y":-0.3185046911239624,"z":0.1389743536710739,"w":0.8595442175865173},"size":146.10740661621095,"orthographic":false}