{"cameraMode":{"drawMode":0,"name":"Shaded","section":"Shading Mode"},"sceneLighting":true,"audioPlay":false,"sceneViewState":{"showFog":true,"showMaterialUpdate":false,"showSkybox":true,"showFlares":true,"showImageEffects":true,"showParticleSystems":true},"in2DMode":false,"pivot":{"x":-58.42522048950195,"y":-67.87139892578125,"z":-34.66109848022461},"rotation":{"x":0.12498432397842407,"y":-0.8722954392433167,"z":0.29469722509384158,"w":0.369905024766922},"size":146.05999755859376,"orthographic":false}